{
  "isImage": false,
  "data": [
    {
      "seq": 1,
      "站序": "1",
      "車站代碼": "C1",
      "車站中文站名": "籬仔內",
      "車站英文站名": "Lizihnei",
      "站位地點": "凱旋四路、一心路及瑞隆路交會路口南側",
      "備註": ""
    },
    {
      "seq": 2,
      "站序": "2",
      "車站代碼": "C2",
      "車站中文站名": "凱旋瑞田",
      "車站英文站名": "Kaisyuan Rueitian",
      "站位地點": "凱旋四路、瑞田街路口",
      "備註": ""
    },
    {
      "seq": 3,
      "站序": "3",
      "車站代碼": "C3",
      "車站中文站名": "前鎮之星",
      "車站英文站名": "Cianjhen Star",
      "站位地點": "中山三路與凱旋四路路口",
      "備註": ""
    },
    {
      "seq": 4,
      "站序": "4",
      "車站代碼": "C4",
      "車站中文站名": "凱旋中華",
      "車站英文站名": "Kaisyuan Jhonghua",
      "站位地點": "中華五路、凱旋四路路口",
      "備註": ""
    },
    {
      "seq": 5,
      "站序": "5",
      "車站代碼": "C5",
      "車站中文站名": "夢時代",
      "車站英文站名": "Dream Mall",
      "站位地點": "成功二路、時代大道路路口南側",
      "備註": ""
    },
    {
      "seq": 6,
      "站序": "6",
      "車站代碼": "C6",
      "車站中文站名": "經貿園區",
      "車站英文站名": "Commerce and Trade Park",
      "站位地點": "成功二路、正勤路路口南側",
      "備註": ""
    },
    {
      "seq": 7,
      "站序": "7",
      "車站代碼": "C7",
      "車站中文站名": "軟體園區",
      "車站英文站名": "Software Technology Park",
      "站位地點": "成功二路、復興三路路口北側",
      "備註": ""
    },
    {
      "seq": 8,
      "站序": "8",
      "車站代碼": "C8",
      "車站中文站名": "高雄展覽館",
      "車站英文站名": "Kaohsiung Exhibition Center",
      "站位地點": "新光路、成功路路口",
      "備註": ""
    },
    {
      "seq": 9,
      "站序": "9",
      "車站代碼": "C9",
      "車站中文站名": "旅運中心",
      "車站英文站名": "Cruise Terminal",
      "站位地點": "三多五路、苓南路路口",
      "備註": ""
    },
    {
      "seq": 10,
      "站序": "10",
      "車站代碼": "C10",
      "車站中文站名": "光榮碼頭",
      "車站英文站名": "Glory Pier",
      "站位地點": "海邊路、青年二路路口",
      "備註": ""
    },
    {
      "seq": 11,
      "站序": "11",
      "車站代碼": "C11",
      "車站中文站名": "真愛碼頭",
      "車站英文站名": "Love Pier",
      "站位地點": "公園二路路口",
      "備註": "有電梯"
    },
    {
      "seq": 12,
      "站序": "12",
      "車站代碼": "C12",
      "車站中文站名": "駁二大義",
      "車站英文站名": "Dayi Pier-2",
      "站位地點": "駁二特區，大義街口",
      "備註": ""
    },
    {
      "seq": 13,
      "站序": "13",
      "車站代碼": "C13",
      "車站中文站名": "駁二蓬萊",
      "車站英文站名": "Penglai Pier-2",
      "站位地點": "駁二特區，七賢三路口",
      "備註": ""
    },
    {
      "seq": 14,
      "站序": "14",
      "車站代碼": "C14",
      "車站中文站名": "哈瑪星",
      "車站英文站名": "Hamasen",
      "站位地點": "近捷運橘線O1西子灣站",
      "備註": ""
    }
  ],
  "id": "12053fa0-46d6-476e-b9e1-20dfb4c8f5a9",
  "success": true
}